theta0,theta1,error
0.300000,0.500000,0.126667