theta0,theta1,error
0.939260,-1.002864,0.020699