theta0,theta1,error
0.939319,-1.003576,0.020699