theta0,theta1,error
0.939272,-1.002513,0.020699